image,text
b6b7759f9307e61fb6279513cf0c71a3_600.jpg,帰ったら部屋が片付けられていた
b6b7759f9307e61fb6279513cf0c71a3_600.jpg,クリリンのことかぁー！
b6b7759f9307e61fb6279513cf0c71a3_600.jpg,冷蔵庫にとっておいたプリンの気が消えた
b6b7759f9307e61fb6279513cf0c71a3_600.jpg,彼女が他の人とホテルに入った所見たらそうなるわな！
b6b7759f9307e61fb6279513cf0c71a3_600.jpg,大負けしてパチ屋のトイレで拾った財布の中身は「バー力www」の紙切れだけ
b6b7759f9307e61fb6279513cf0c71a3_600.jpg,アキレス腱が切れた
b6b7759f9307e61fb6279513cf0c71a3_600.jpg,ＰＳ５が前の人で完売した
b6b7759f9307e61fb6279513cf0c71a3_600.jpg,フリーザとセルがお父さんの悪口言っている気がした
b6b7759f9307e61fb6279513cf0c71a3_600.jpg,パンツのゴムがぁぁぁぁぁあああああああ!!!!!!
b6b7759f9307e61fb6279513cf0c71a3_600.jpg,痛かったぞーーー！！！
d31633aa34a83c6d1afc3dc4e33e0bde_600.jpg,実はここ両親の店なんですけど...僕、忘れられてますよね。
d31633aa34a83c6d1afc3dc4e33e0bde_600.jpg,星ゼロです
d31633aa34a83c6d1afc3dc4e33e0bde_600.jpg,これが机です
d31633aa34a83c6d1afc3dc4e33e0bde_600.jpg,武井？
d31633aa34a83c6d1afc3dc4e33e0bde_600.jpg,パッとしないご夫婦でしょう
d31633aa34a83c6d1afc3dc4e33e0bde_600.jpg,では面接を始めましょう。飲食業は初めてですか。
d31633aa34a83c6d1afc3dc4e33e0bde_600.jpg,ガラガラですね
d31633aa34a83c6d1afc3dc4e33e0bde_600.jpg,宮崎弁じゃないですね
d31633aa34a83c6d1afc3dc4e33e0bde_600.jpg,なんでやねん！
d31633aa34a83c6d1afc3dc4e33e0bde_600.jpg,お店間違えました
b1c457b12ebebca1f0ea739d5e94b34b_600.jpg,草間弥生
b1c457b12ebebca1f0ea739d5e94b34b_600.jpg,僕、点々がダメなんです
b1c457b12ebebca1f0ea739d5e94b34b_600.jpg,「やだ、虫っ！！」バンッ！！
737cd89f5e039d886190c2467bbc23ac_600.jpg,カラゲレモン
737cd89f5e039d886190c2467bbc23ac_600.jpg,極刑
737cd89f5e039d886190c2467bbc23ac_600.jpg,迷惑
737cd89f5e039d886190c2467bbc23ac_600.jpg,唐ｵ易ヶ¨丨＝νモ-ノ
737cd89f5e039d886190c2467bbc23ac_600.jpg,鍋にポン酢
737cd89f5e039d886190c2467bbc23ac_600.jpg,夢のよ～うな♪コラボレ～ション♪
737cd89f5e039d886190c2467bbc23ac_600.jpg,ステーキにジモン
737cd89f5e039d886190c2467bbc23ac_600.jpg,両さんにレモン
737cd89f5e039d886190c2467bbc23ac_600.jpg,、パセリを添えて
737cd89f5e039d886190c2467bbc23ac_600.jpg,冷める
1e3e30afd5aeec7b4b0ceec9ddc8701e_600.jpg,おいっ！きた・・・ごぉあぁあ！
1e3e30afd5aeec7b4b0ceec9ddc8701e_600.jpg,なお、夜は墓場で運動会を予定しておりますので各選手ウォーミングアップをお願い致します。
c21ba211e6f34f87423fd696aa37eee3_600.jpg,飯を提供させて、金を払わないやつ
c21ba211e6f34f87423fd696aa37eee3_600.jpg,出された料理に文句を言う奴
c21ba211e6f34f87423fd696aa37eee3_600.jpg,人妻
c21ba211e6f34f87423fd696aa37eee3_600.jpg,前世が料理人
c21ba211e6f34f87423fd696aa37eee3_600.jpg,中古女
c21ba211e6f34f87423fd696aa37eee3_600.jpg,幸福の壺売ってるヤツ
c21ba211e6f34f87423fd696aa37eee3_600.jpg,お前みたいに元々男だったやつ
c21ba211e6f34f87423fd696aa37eee3_600.jpg,黙って喰わない奴
c21ba211e6f34f87423fd696aa37eee3_600.jpg,AV出演
c21ba211e6f34f87423fd696aa37eee3_600.jpg,蛸
0346b2919e16462f4cdbc29e0a9d4a99_600.jpg,もりもっこり
0346b2919e16462f4cdbc29e0a9d4a99_600.jpg,森の妖精が想像していたものと違う
0df368ac736fd278d43d552dde183c20_600.jpg,メイド喫茶に行ってみたい
0df368ac736fd278d43d552dde183c20_600.jpg,もっと可愛くでかないかな…？
0df368ac736fd278d43d552dde183c20_600.jpg,『私の代弁者よ。ありがとう』
0df368ac736fd278d43d552dde183c20_600.jpg,くぐるってなに？
0df368ac736fd278d43d552dde183c20_600.jpg,ね、狙いどおりだっ…汗
0df368ac736fd278d43d552dde183c20_600.jpg,あっらー
0df368ac736fd278d43d552dde183c20_600.jpg,草
0df368ac736fd278d43d552dde183c20_600.jpg,リメンバーノアの洪水！
0df368ac736fd278d43d552dde183c20_600.jpg,Yes、高須クリニック
0df368ac736fd278d43d552dde183c20_600.jpg,俺信者に嫌われてんじゃね？
85e079088a05c041bf2f2fd01785e496_600.jpg,実写版オールフォーワン
85e079088a05c041bf2f2fd01785e496_600.jpg,去年なら通報レベル
85e079088a05c041bf2f2fd01785e496_600.jpg,手術失敗
85e079088a05c041bf2f2fd01785e496_600.jpg,裾上げで捨てられた裾
85e079088a05c041bf2f2fd01785e496_600.jpg,バッグれてんじゃねーよ
85e079088a05c041bf2f2fd01785e496_600.jpg,こんなに目が合っててよく撮れたな
85e079088a05c041bf2f2fd01785e496_600.jpg,ポルナレフ
85e079088a05c041bf2f2fd01785e496_600.jpg,映画泥棒の休日
62a721d86cae116098a3aca2c8823ce9_600.jpg,遠近感がわからない！
62a721d86cae116098a3aca2c8823ce9_600.jpg,うわっ！？プリウスが…！
50444cabc294dd7b8e98c738867e590b_600.jpg,いじめの謝罪会見
50444cabc294dd7b8e98c738867e590b_600.jpg,さあ、ギブアンドギブで行きましょう！
50444cabc294dd7b8e98c738867e590b_600.jpg,停車駅は萱島、守口市、京橋、天満橋、北浜、淀屋橋でございます。
50444cabc294dd7b8e98c738867e590b_600.jpg,ザ・ワールド！時よ止まれｴｴｴｴ！！
50444cabc294dd7b8e98c738867e590b_600.jpg,(うわぁーすげー、俺も岡本知高さんみたいになりてぇー)
50444cabc294dd7b8e98c738867e590b_600.jpg,みんなありがとう！ついに俺、無観客動画配信ライブをすることができたぜ！！
50444cabc294dd7b8e98c738867e590b_600.jpg,♪おーれーはジャイーアン　ただのでぶー♪
50444cabc294dd7b8e98c738867e590b_600.jpg,(やべ、歌詞忘れた)
d802b68bafd58d84959dc6a44f5955bc_600.jpg,高校生になることはなかった
d802b68bafd58d84959dc6a44f5955bc_600.jpg,まふゆちゃん、病院に行ったほうがいいよ！
d802b68bafd58d84959dc6a44f5955bc_600.jpg,母親「ケーキにつば入っちゃったけどまぁいいか」
0be851e93077866c97683e80138c5084_600.jpg,どげんかせんといかん
3c3c712914e2edd872d9256d68875e67_600.jpg,今日は無礼講なはずなのに…
a22a839c21add1b80a21b7e6ee4fe3e8_600.jpg,あちらのお客様からです
a22a839c21add1b80a21b7e6ee4fe3e8_600.jpg,いつもの特盛り2個お待ち！彼氏さん？の注文今から伺いますね！
a22a839c21add1b80a21b7e6ee4fe3e8_600.jpg,頼んでません！
634f364bb0aacaea5b903fb45df4725e_600.jpg,トゥルースリーパーセブンスピローなのに全然寝れない
634f364bb0aacaea5b903fb45df4725e_600.jpg,枕が合わない
634f364bb0aacaea5b903fb45df4725e_600.jpg,３０歳なのに四十肩
634f364bb0aacaea5b903fb45df4725e_600.jpg,獺祭の注文電話がよく来る
634f364bb0aacaea5b903fb45df4725e_600.jpg,この時はまだ日本にテレビがないのにNHKが毎日来る
634f364bb0aacaea5b903fb45df4725e_600.jpg,寝てたら右手が痺れた
634f364bb0aacaea5b903fb45df4725e_600.jpg,隣のおばあちゃんが起こしてくること
634f364bb0aacaea5b903fb45df4725e_600.jpg,服がダサいと言われてショック
634f364bb0aacaea5b903fb45df4725e_600.jpg,遠藤憲一とよく間違われる
c3e96ecefcc3c8b9060bc4226909d9bc_600.jpg,９０分間　３万円で私の体
c3e96ecefcc3c8b9060bc4226909d9bc_600.jpg,一時間千円で私を
c3e96ecefcc3c8b9060bc4226909d9bc_600.jpg,使用済みだけど私のTENGA
c3e96ecefcc3c8b9060bc4226909d9bc_600.jpg,永遠に寝
c3e96ecefcc3c8b9060bc4226909d9bc_600.jpg,もう鼻をかんだこのティッシュを
c3e96ecefcc3c8b9060bc4226909d9bc_600.jpg,好きなだけ使って♪私のわきの下を
c3e96ecefcc3c8b9060bc4226909d9bc_600.jpg,借りないという君の意見、きゃっ
c3e96ecefcc3c8b9060bc4226909d9bc_600.jpg,お母さんでよければ1晩
c3e96ecefcc3c8b9060bc4226909d9bc_600.jpg,多目的トイレで､お
c3e96ecefcc3c8b9060bc4226909d9bc_600.jpg,ゴムを持っていないなら、このゴム手袋を
a651ffc2fd3dfc7f2061b00088c3c900_600.jpg,その人気は鬼滅の刃の1000％
a651ffc2fd3dfc7f2061b00088c3c900_600.jpg,鬼滅のRAIZAP?
a651ffc2fd3dfc7f2061b00088c3c900_600.jpg,ゼツメツの呼吸 千の型　　　　　サウザンドディストラクション　　©ZAIAエンタープライズ
a651ffc2fd3dfc7f2061b00088c3c900_600.jpg,鬼退治するのはサウザー課のaiboたち
31b661def8001feedcbe3e61734d5d36_600.jpg,パジェロないんか～い
31b661def8001feedcbe3e61734d5d36_600.jpg,ギャラで買えるだろ！
31b661def8001feedcbe3e61734d5d36_600.jpg,たわしがわたしに見える
31b661def8001feedcbe3e61734d5d36_600.jpg,たわしはもう古いから新しくイワシぐらいにすれば良いと思う。
31b661def8001feedcbe3e61734d5d36_600.jpg,壊れない包丁って何？
81353229e64abc54fd35a6a4161d151f_600.jpg,大統領選に立候補します♡
81353229e64abc54fd35a6a4161d151f_600.jpg,十二鬼龍院月
81353229e64abc54fd35a6a4161d151f_600.jpg,言葉の刃
6d65eefc47fbca4a60186f53c163547b_600.jpg,私達のココ、空いてますよ！
6d65eefc47fbca4a60186f53c163547b_600.jpg,皆んなー！ここ大丈夫ー？
6d65eefc47fbca4a60186f53c163547b_600.jpg,空っぽなのよー
6d65eefc47fbca4a60186f53c163547b_600.jpg,虫歯は頭痛につながります
6d65eefc47fbca4a60186f53c163547b_600.jpg,宮迫です
6d65eefc47fbca4a60186f53c163547b_600.jpg,つむじココ〜
6d65eefc47fbca4a60186f53c163547b_600.jpg,ここ押したら痔になるらしいね
6d65eefc47fbca4a60186f53c163547b_600.jpg,なーんちゃって
6d65eefc47fbca4a60186f53c163547b_600.jpg,頭悪いの
0c8fee1f160b98546d35c3232b664d4f_600.jpg,愛してる〜ってさーいきん♪って言わなくなってから扱いが酷くない？
0c8fee1f160b98546d35c3232b664d4f_600.jpg,作品名　Ｊリーガーのカキタレ
0c8fee1f160b98546d35c3232b664d4f_600.jpg,マンマミーア
0c8fee1f160b98546d35c3232b664d4f_600.jpg,こけた
0c8fee1f160b98546d35c3232b664d4f_600.jpg,棺ダンス逆バージョン
0c8fee1f160b98546d35c3232b664d4f_600.jpg,だが考えて欲しい。この状況で自由に動けるのは誰かを。
0c8fee1f160b98546d35c3232b664d4f_600.jpg,当日欠席した奴の卒業写真が雑
0c8fee1f160b98546d35c3232b664d4f_600.jpg,6股かけてる
0c8fee1f160b98546d35c3232b664d4f_600.jpg,パズー役オーディションで全員失格
0c8fee1f160b98546d35c3232b664d4f_600.jpg,ハリウッド版　勝手にヒーローズ
83ea8df2d96e23c44fc13e602588bcc3_600.jpg,遠足のチーム分けで、ペアができた奴らがボッチに煽ってきた
83ea8df2d96e23c44fc13e602588bcc3_600.jpg,ボコした犯人がこいつ達
83ea8df2d96e23c44fc13e602588bcc3_600.jpg,いじめをなかったことにしたい学校側に無理矢理言わされた
83ea8df2d96e23c44fc13e602588bcc3_600.jpg,ビビ「・・・」
83ea8df2d96e23c44fc13e602588bcc3_600.jpg,まさかの今までのすべてが主人公の夢だった
83ea8df2d96e23c44fc13e602588bcc3_600.jpg,金で買った
83ea8df2d96e23c44fc13e602588bcc3_600.jpg,クラスの奴に友達がいない事をバカにされたからボケての話をした
83ea8df2d96e23c44fc13e602588bcc3_600.jpg,クリスマスを1人で過ごす仲間が。
83ea8df2d96e23c44fc13e602588bcc3_600.jpg,最後の方は名前も曖昧
83ea8df2d96e23c44fc13e602588bcc3_600.jpg,はい、ではこのシーンを香取慎吾で再現してみよう！
1ada342807a51972ef8a7ccd7a409a9d_600.jpg,夜神 月 出没地域
1ada342807a51972ef8a7ccd7a409a9d_600.jpg,わたしは、ここで命を落としました。
1ada342807a51972ef8a7ccd7a409a9d_600.jpg,この先『米花町』
1ada342807a51972ef8a7ccd7a409a9d_600.jpg,コナン出没注意！
1ada342807a51972ef8a7ccd7a409a9d_600.jpg,お前のせいだろ
1ada342807a51972ef8a7ccd7a409a9d_600.jpg,そう言われると入りたくなるだろ、ほら、入りなよ
1ada342807a51972ef8a7ccd7a409a9d_600.jpg,なぜなら、わしがいるからじゃ
1ada342807a51972ef8a7ccd7a409a9d_600.jpg,こーなりますよ。
11ebc83cae56f8231600042db94bb91c_600.jpg,声デカマックス！
11ebc83cae56f8231600042db94bb91c_600.jpg,ネコ科
11ebc83cae56f8231600042db94bb91c_600.jpg,マスクをしていない
11ebc83cae56f8231600042db94bb91c_600.jpg,炎
11ebc83cae56f8231600042db94bb91c_600.jpg,無い
11ebc83cae56f8231600042db94bb91c_600.jpg,アニメ
cfb5d0f7f7109b52691c2009f397e5f8_600.jpg,スカートの次は半ズボンなり
cfb5d0f7f7109b52691c2009f397e5f8_600.jpg,そんなカッコで来るから低体温症で気がおかしくなったナリ
cfb5d0f7f7109b52691c2009f397e5f8_600.jpg,渾身の右ストレート
cfb5d0f7f7109b52691c2009f397e5f8_600.jpg,ブタゴリラ見つからなかったよ
cfb5d0f7f7109b52691c2009f397e5f8_600.jpg,キテレツ大寒波
cfb5d0f7f7109b52691c2009f397e5f8_600.jpg,「ズボンははくナリ」
cfb5d0f7f7109b52691c2009f397e5f8_600.jpg,全然寒くないね
a432cd98da7315841671ef0d79b40637_600.jpg,夜遊びして帰って来たら父が起きて待ってた
a432cd98da7315841671ef0d79b40637_600.jpg,「先月の定年退職以降も毎日来てる」
a432cd98da7315841671ef0d79b40637_600.jpg,おじいちゃん！！　そこトイレじゃないって何回言えばわかるの！！
a432cd98da7315841671ef0d79b40637_600.jpg,お義父さん来てらしたんですか！
07f282ee6617a2c82bc26ee5b50d636c_600.jpg,急に出てきてゴーメーン
07f282ee6617a2c82bc26ee5b50d636c_600.jpg,いやあ、この画像めちゃくちゃ面白くて笑った。笑い過ぎて、涙出てきたｗｗｗ涙出てきた。涙出てきた・・・
07f282ee6617a2c82bc26ee5b50d636c_600.jpg,はいはいBL禁止BL禁止
07f282ee6617a2c82bc26ee5b50d636c_600.jpg,去勢された俺様の前でいちゃつくたぁいい度胸だわね
07f282ee6617a2c82bc26ee5b50d636c_600.jpg,リア充いらないニャ
07f282ee6617a2c82bc26ee5b50d636c_600.jpg,えんがちょ！えんがちょ！切った〜！
07f282ee6617a2c82bc26ee5b50d636c_600.jpg,生誕
07f282ee6617a2c82bc26ee5b50d636c_600.jpg,キャットストリート
07f282ee6617a2c82bc26ee5b50d636c_600.jpg,洗車機を見てからずっとやってる
07f282ee6617a2c82bc26ee5b50d636c_600.jpg,ブレイク、離れて！ファイト！
b368015a8a5d6a0f7cab1998d772ced9_600.jpg,しりとりの｢す｣攻めが大分雑になってきた
b368015a8a5d6a0f7cab1998d772ced9_600.jpg,目の前でカップルが別れた
b368015a8a5d6a0f7cab1998d772ced9_600.jpg,酢への執着がスゴい
abec78d98cba5159a4abb1604b328018_600.jpg,チャオチュールの方が美味しかった
abec78d98cba5159a4abb1604b328018_600.jpg,このお値段で！？
439cd8ac29b494249c9f94428979a9a9_600.jpg,水ダウの検証企画オープニング
439cd8ac29b494249c9f94428979a9a9_600.jpg,浜田「はい『熱々あんかけ対決』ぅ～～♪」
439cd8ac29b494249c9f94428979a9a9_600.jpg,SMAP再結成
439cd8ac29b494249c9f94428979a9a9_600.jpg,聞いてください「Love so sweet」
439cd8ac29b494249c9f94428979a9a9_600.jpg,天下一武道会
439cd8ac29b494249c9f94428979a9a9_600.jpg,バスト100センチのAカップ
439cd8ac29b494249c9f94428979a9a9_600.jpg,TOKIOのプロレス頑張るぞ！
2a299eccf6bf30d200ba97a75c937c77_600.jpg,車にひかれる
2a299eccf6bf30d200ba97a75c937c77_600.jpg,落ち込んでる
2a299eccf6bf30d200ba97a75c937c77_600.jpg,かわいいのかよ孫という名の宝も
2a299eccf6bf30d200ba97a75c937c77_600.jpg,可愛いのかよ～　孫という名のたからも
e4252500f5be7c54447b30f172aabace_600.jpg,え？パスポートは必要ないの？
e4252500f5be7c54447b30f172aabace_600.jpg,山中捜索5日目  まだ田山氏発見の報は入っておりません
e4252500f5be7c54447b30f172aabace_600.jpg,城之内ﾀﾋす
e4252500f5be7c54447b30f172aabace_600.jpg,田山、渋谷のことを深めの谷だと思っている
e4252500f5be7c54447b30f172aabace_600.jpg,田山川兵衛通り魔に会う　　　　田山川兵衛神に会う　　　　　　　　　田山川兵衛異世界転生する　　　の三本立てございます。
e4252500f5be7c54447b30f172aabace_600.jpg,道に迷う
e4252500f5be7c54447b30f172aabace_600.jpg,牛っちゃぁ車じゃねぇそ？おまわりさん
e4252500f5be7c54447b30f172aabace_600.jpg,「電車の乗り方がわからない」
e4252500f5be7c54447b30f172aabace_600.jpg,クラスター
e4252500f5be7c54447b30f172aabace_600.jpg,え❓俺の名前は、「田山    川兵衛」じゃなくて、「田山川    兵衛」なの❓
7c161ddd20ca6c13d48c973acf8ea5b6_600.jpg,通行人「あの猫、看板を無視した結果、地雷を踏んで6日間もあのままらしいな」
7c161ddd20ca6c13d48c973acf8ea5b6_600.jpg,怪魚を釣る為の生餌
7c161ddd20ca6c13d48c973acf8ea5b6_600.jpg,もうすぐメガジャパニーズボブテイルに進化する
7c161ddd20ca6c13d48c973acf8ea5b6_600.jpg,ここいらではヒグマよりも恐れられる食物連鎖の頂点がいる
7c161ddd20ca6c13d48c973acf8ea5b6_600.jpg,ニャーは軽いからね！
7c161ddd20ca6c13d48c973acf8ea5b6_600.jpg,俺でもモフって人生考え直してミィ〜
7c161ddd20ca6c13d48c973acf8ea5b6_600.jpg,ここに居れば人間は近付いて来ないニャ！
7c161ddd20ca6c13d48c973acf8ea5b6_600.jpg,踏んだらキャっとなるからね
7c161ddd20ca6c13d48c973acf8ea5b6_600.jpg,ニャンか文句ある？
791d177015db9f84070a702020011b9b_600.jpg,どちら様ですか？
791d177015db9f84070a702020011b9b_600.jpg,初対面だろうが！
791d177015db9f84070a702020011b9b_600.jpg,鏡に言うな！
791d177015db9f84070a702020011b9b_600.jpg,ケケケケケケケケ クワッ クワッ
791d177015db9f84070a702020011b9b_600.jpg,持って農作業やってるだけなのに！？
791d177015db9f84070a702020011b9b_600.jpg,川相強いよね！
791d177015db9f84070a702020011b9b_600.jpg,今日も最高に気持ち良かったよ!!
791d177015db9f84070a702020011b9b_600.jpg,アヒルの鳴き真似やります！
791d177015db9f84070a702020011b9b_600.jpg,プリキュアの衣装で良かった！
791d177015db9f84070a702020011b9b_600.jpg,当たり前田のクラッカー
9a50f05c4df9f0b8c4779a165eaa6c02_600.jpg,(エヌマエリシュ）　　　　　　　　　ガリばっか食うな。
9a50f05c4df9f0b8c4779a165eaa6c02_600.jpg,何残してんだ雑種め
9a50f05c4df9f0b8c4779a165eaa6c02_600.jpg,サーヴァントSushiya
9a50f05c4df9f0b8c4779a165eaa6c02_600.jpg,魚を捌くときは、一気に息の根を止めるように・・・。
9a50f05c4df9f0b8c4779a165eaa6c02_600.jpg,そう言うんだったら肉食えつったろ？
9a50f05c4df9f0b8c4779a165eaa6c02_600.jpg,いちのかた みなもぎり
9a50f05c4df9f0b8c4779a165eaa6c02_600.jpg,将太は武士
9a50f05c4df9f0b8c4779a165eaa6c02_600.jpg,浜田！傘持ってき！
9a50f05c4df9f0b8c4779a165eaa6c02_600.jpg,エルザ・スカーレット
3c307f12a05a9cf6b73051cafe20ce54_600.jpg,俺の肝臓が直接脳に話しかけてくる。
3c307f12a05a9cf6b73051cafe20ce54_600.jpg,下着が喋った
3c307f12a05a9cf6b73051cafe20ce54_600.jpg,しかし、あなたの真下なら働きたい
3c307f12a05a9cf6b73051cafe20ce54_600.jpg,反抗期の息子に「御遣い行ってきて」って頼んだ
3c307f12a05a9cf6b73051cafe20ce54_600.jpg,自分の影がいきなり喋り出した
3c307f12a05a9cf6b73051cafe20ce54_600.jpg,組体操の下の段を頑なに拒む
3c307f12a05a9cf6b73051cafe20ce54_600.jpg,下の階で働いてる奴が文句言いに来た
3c307f12a05a9cf6b73051cafe20ce54_600.jpg,プロポーズを丁重にお断りする
3c307f12a05a9cf6b73051cafe20ce54_600.jpg,スカートじゃない日は
3c307f12a05a9cf6b73051cafe20ce54_600.jpg,わがままな男優
a06ff16ad434c754fc0cb9c58ace2c12_600.jpg,本当の自分に目覚めたしょくぱんまん｢どんだけ～｣
a06ff16ad434c754fc0cb9c58ace2c12_600.jpg,ウーバーイーツで形を崩さずに持ってくるのが難しいものばかり頼むがいつも完璧に持ってこられて敗北続きのいわし
a06ff16ad434c754fc0cb9c58ace2c12_600.jpg,夫が私より女子力高い
bb2c460e5b2aaee113ca33742c2ade1d_600.jpg,筋トレをしない松本
bb2c460e5b2aaee113ca33742c2ade1d_600.jpg,そうですね！って言わせないタモリ
bb2c460e5b2aaee113ca33742c2ade1d_600.jpg,M字開脚をしないインリン
bb2c460e5b2aaee113ca33742c2ade1d_600.jpg,脱帽するさかなクン
bb2c460e5b2aaee113ca33742c2ade1d_600.jpg,上下スウェットの井脇ノブ子
bb2c460e5b2aaee113ca33742c2ade1d_600.jpg,少食のギャル曽根
bb2c460e5b2aaee113ca33742c2ade1d_600.jpg,くるりんぱしない上島
bb2c460e5b2aaee113ca33742c2ade1d_600.jpg,婚約発表しない今田
bb2c460e5b2aaee113ca33742c2ade1d_600.jpg,背負い投げしないIKKO
bb2c460e5b2aaee113ca33742c2ade1d_600.jpg,離脱のないヤクルト
7f815a6b70490a819a3a8014b61abfa8_600.jpg,はい、股からリンゴに目を移すまでに3秒かかりました〜
7f815a6b70490a819a3a8014b61abfa8_600.jpg,早いとこおまえと俺の体、戻さなきゃな。
7f815a6b70490a819a3a8014b61abfa8_600.jpg,どうやって上だけ剥いたの？
7f815a6b70490a819a3a8014b61abfa8_600.jpg,惜しい。
7f815a6b70490a819a3a8014b61abfa8_600.jpg,今の私は異様に飢えてるんだよ…アンタのタマ喰らえって言うのなら食うよ
7f815a6b70490a819a3a8014b61abfa8_600.jpg,デスノートが落ちてくるように毎日食べてる
7f815a6b70490a819a3a8014b61abfa8_600.jpg,で？例のブツは？
7f815a6b70490a819a3a8014b61abfa8_600.jpg,石の上でりんご食うとかダサくない？
7f815a6b70490a819a3a8014b61abfa8_600.jpg,んで、今日はどのオヤジを騙くらかすんだ?!
7f815a6b70490a819a3a8014b61abfa8_600.jpg,制服？…あぁ〜コレは単なる俺の趣味のひとつだ
e174b15bb4f4054218dc0301d3db5b97_600.jpg,過度経済力集中排除法（かどけいざいりょくしゅうちゅうはいじょほう）
e174b15bb4f4054218dc0301d3db5b97_600.jpg,OKー⁉️ハザマのたったかーい⁉️
e174b15bb4f4054218dc0301d3db5b97_600.jpg,大！正！デモクラシー！！
e174b15bb4f4054218dc0301d3db5b97_600.jpg,護憲！三派内閣っっ！！
e174b15bb4f4054218dc0301d3db5b97_600.jpg,禁中並公家諸法度
e174b15bb4f4054218dc0301d3db5b97_600.jpg,月月火水木金金
e174b15bb4f4054218dc0301d3db5b97_600.jpg,日米修好通商条約
e174b15bb4f4054218dc0301d3db5b97_600.jpg,違うだろ〜！この北条のハゲ！
e174b15bb4f4054218dc0301d3db5b97_600.jpg,中大兄皇子（なかのおおえのおおじ）
e174b15bb4f4054218dc0301d3db5b97_600.jpg,卑弥呼さま〜！
529ebd87a8c2846e24df96de6caeff02_600.jpg,もしかして、見つかってる…？まさか、こんにゃに完璧に隠れてるのに…
cbd83053ab920309437f049e313cb8c1_600.jpg,半透明じゃないと回収して貰えないわよ！
cbd83053ab920309437f049e313cb8c1_600.jpg,今朝あなたに捨てられた生ゴミです
cbd83053ab920309437f049e313cb8c1_600.jpg,テツコサンノヘアースタイルヲリスペクトシマシタ
cbd83053ab920309437f049e313cb8c1_600.jpg,迷走中
cbd83053ab920309437f049e313cb8c1_600.jpg,あなたがビグザムなのね？
cbd83053ab920309437f049e313cb8c1_600.jpg,自転車乗る時はどうなさるの？
cbd83053ab920309437f049e313cb8c1_600.jpg,どお？飴ちゃんありそう？
cbd83053ab920309437f049e313cb8c1_600.jpg,初めて黒柳徹子が地味に感じた瞬間
cbd83053ab920309437f049e313cb8c1_600.jpg,ハロウィンの衣装として炭石鹸が選ばれた
cbd83053ab920309437f049e313cb8c1_600.jpg,隠したいものしかないようでございます。
b21d15aba92101f119f0da804cb6f235_600.jpg,リコーダー放置
b21d15aba92101f119f0da804cb6f235_600.jpg,『でも尺八は好き❤️』
8790aeff85f8823adfdeab2295be85d4_600.jpg,そうなのか？五月雨
8790aeff85f8823adfdeab2295be85d4_600.jpg,キノコはワシノ茸でえぇ
8790aeff85f8823adfdeab2295be85d4_600.jpg,すぐ目の前にええキノコがあるんじゃあ〜！
8790aeff85f8823adfdeab2295be85d4_600.jpg,山の服装なめとんのか
8790aeff85f8823adfdeab2295be85d4_600.jpg,逆ナンパのクセがすごい…
8790aeff85f8823adfdeab2295be85d4_600.jpg,そこ、私有地じゃけぇ
8790aeff85f8823adfdeab2295be85d4_600.jpg,いやいかん！見るからに毒キノコじゃ！
557b8024f1a5067bb147348177c66ee6_600.jpg,ザッカーハンバーーーグ！！
557b8024f1a5067bb147348177c66ee6_600.jpg,エフーーーーー！
557b8024f1a5067bb147348177c66ee6_600.jpg,SNSのフェイクニュースのアナウンサー
557b8024f1a5067bb147348177c66ee6_600.jpg,神様に声を届ける機械
557b8024f1a5067bb147348177c66ee6_600.jpg,キャディーさんがファ〜って叫ぶ施設
557b8024f1a5067bb147348177c66ee6_600.jpg,フォ～ン!!
557b8024f1a5067bb147348177c66ee6_600.jpg,アンパンマン新しいFaceよ！
e8b19b1341a41501d007d7ad7289fde9_600.jpg,猟奇
e8b19b1341a41501d007d7ad7289fde9_600.jpg,歩行
e8b19b1341a41501d007d7ad7289fde9_600.jpg,写真撮影
e8b19b1341a41501d007d7ad7289fde9_600.jpg,排便
e8b19b1341a41501d007d7ad7289fde9_600.jpg,野ぐそ
e8b19b1341a41501d007d7ad7289fde9_600.jpg,立ちション
e8b19b1341a41501d007d7ad7289fde9_600.jpg,「そこ邪魔なんでどいてもらっていいですか?」
e8b19b1341a41501d007d7ad7289fde9_600.jpg,幽霊
4fd26c664ff0c91fdbc9dbd6750c96e9_600.jpg,知らない課題の回収が始まった
4fd26c664ff0c91fdbc9dbd6750c96e9_600.jpg,あれ？先頭車両だけ行っちゃったよ
4fd26c664ff0c91fdbc9dbd6750c96e9_600.jpg,立川志らく
4fd26c664ff0c91fdbc9dbd6750c96e9_600.jpg,スネイプ先生とまさかのBL展開！？次週「真夏の夜のPP」のワンカット
4fd26c664ff0c91fdbc9dbd6750c96e9_600.jpg,「で？ギャラはいくらですか？」
4fd26c664ff0c91fdbc9dbd6750c96e9_600.jpg,そんなパトローナムで僕をエクスペクトすんの？
4fd26c664ff0c91fdbc9dbd6750c96e9_600.jpg,ちゃんと寝ないからクマが出来る
4fd26c664ff0c91fdbc9dbd6750c96e9_600.jpg,ヘイストを覚えて、濃い人生を送りたいな
4fd26c664ff0c91fdbc9dbd6750c96e9_600.jpg,軽部アナウンサーじゃねぇよ！
af5374bec481a43b95c4df0d77da2f66_600.jpg,ライガとフウガの間を通った結果
af5374bec481a43b95c4df0d77da2f66_600.jpg,コラボカフェの料理が凄いと話題
af5374bec481a43b95c4df0d77da2f66_600.jpg,嘘をつくと顔が割れる飲み物を手に入れたので、嫌いな友人に普通の水だと言って飲ませた
af5374bec481a43b95c4df0d77da2f66_600.jpg,必殺、七離滅裂
9acf682650d284cab4855e5cd3d591f0_600.jpg,寝不足はイクナイ
9acf682650d284cab4855e5cd3d591f0_600.jpg,私はだぁ～れだっ！？
9acf682650d284cab4855e5cd3d591f0_600.jpg,ちっぱいはいかが？
9acf682650d284cab4855e5cd3d591f0_600.jpg,突き指注意
9acf682650d284cab4855e5cd3d591f0_600.jpg,＼タカシー、ご飯よー！／
9acf682650d284cab4855e5cd3d591f0_600.jpg,帰宅したら何かおるけど、とりあえずそのままにしておく。
9acf682650d284cab4855e5cd3d591f0_600.jpg,アンゴラ村長（加工後）
9acf682650d284cab4855e5cd3d591f0_600.jpg,ディルドが抜けないの♥️
9acf682650d284cab4855e5cd3d591f0_600.jpg,Let's オセロニア
3c40fc6f51b24ba5d025358a6f75d52c_600.jpg,アルマゲドン
3c40fc6f51b24ba5d025358a6f75d52c_600.jpg,1本が太いのぉ
3bbb5259e4b657ecb8ee91f3ecebf73d_600.jpg,けっっかはっぴょおぉぉぉぉぉぉ
3bbb5259e4b657ecb8ee91f3ecebf73d_600.jpg,きかんしゃトーマスとその猫
3bbb5259e4b657ecb8ee91f3ecebf73d_600.jpg,人間が消えてもう5年、退屈だニャ。消すの早まったニャ。
3bbb5259e4b657ecb8ee91f3ecebf73d_600.jpg,ＣＶ：トム
3bbb5259e4b657ecb8ee91f3ecebf73d_600.jpg,かれこれ1時間。この体制で待つが、全然エサがやってこない
a41f831208bc0fa662b431d55f0a6313_600.jpg,鯉の顔マネ
a41f831208bc0fa662b431d55f0a6313_600.jpg,比判自粛
a41f831208bc0fa662b431d55f0a6313_600.jpg,TikTokで自撮り
a41f831208bc0fa662b431d55f0a6313_600.jpg,ホモ顔
a41f831208bc0fa662b431d55f0a6313_600.jpg,へそでお茶沸かし
a41f831208bc0fa662b431d55f0a6313_600.jpg,ウーバーイーツ
a41f831208bc0fa662b431d55f0a6313_600.jpg,野党
a41f831208bc0fa662b431d55f0a6313_600.jpg,みつ
a41f831208bc0fa662b431d55f0a6313_600.jpg,お待たせ
a41f831208bc0fa662b431d55f0a6313_600.jpg,ボケて
1a59662230a7a09d2cf21b41734e13a6_600.jpg,肩に付いた［フッ］に気づいた
1a59662230a7a09d2cf21b41734e13a6_600.jpg,なんやかんやあって謹慎中
1a59662230a7a09d2cf21b41734e13a6_600.jpg,織田信成に恨まれている
1a59662230a7a09d2cf21b41734e13a6_600.jpg,電波の届かない場所にある、または電源が入っていないためかかりません。
1a59662230a7a09d2cf21b41734e13a6_600.jpg,こいつ待ち
1a59662230a7a09d2cf21b41734e13a6_600.jpg,服役中。
1a59662230a7a09d2cf21b41734e13a6_600.jpg,フリーター
1a59662230a7a09d2cf21b41734e13a6_600.jpg,54歳
1a59662230a7a09d2cf21b41734e13a6_600.jpg,電話中
1a59662230a7a09d2cf21b41734e13a6_600.jpg,新型iPhoneの行列に並んでいる
4f62ea72625a52fafb4627eac167bfb5_600.jpg,こうべをたれてつくばえへいふくせよ
4f62ea72625a52fafb4627eac167bfb5_600.jpg,梶原一騎
4f62ea72625a52fafb4627eac167bfb5_600.jpg,初代キャイ～ン
4f62ea72625a52fafb4627eac167bfb5_600.jpg,昭和の鬼無辻無惨
4f62ea72625a52fafb4627eac167bfb5_600.jpg,グリコ森永はん
4f62ea72625a52fafb4627eac167bfb5_600.jpg,鬼舞辻無惨
4f62ea72625a52fafb4627eac167bfb5_600.jpg,江戸川コナン探偵さ
4f62ea72625a52fafb4627eac167bfb5_600.jpg,花山薫
b0b35e3308c764770f1d7ee96cece7c4_600.jpg,この最上階にヤツ（ボス）がいるのか。
b0b35e3308c764770f1d7ee96cece7c4_600.jpg,事故物件になっても、外出したい幽霊のストレス解消と成仏促進のために…
b0b35e3308c764770f1d7ee96cece7c4_600.jpg,ブラック企業から始まるいつでも異世界に行ける寮生活
b0b35e3308c764770f1d7ee96cece7c4_600.jpg,フォール・デット・マンション
b0b35e3308c764770f1d7ee96cece7c4_600.jpg,電線多ない？
f91547830de922a7ba4826955683f66c_600.jpg,ゲイ人
f91547830de922a7ba4826955683f66c_600.jpg,というか嫌でも思い出させられる
f91547830de922a7ba4826955683f66c_600.jpg,誰も求めてない
f91547830de922a7ba4826955683f66c_600.jpg,マッキーがカラオケで歌うと何故かこの画面になる
f91547830de922a7ba4826955683f66c_600.jpg,ドレドレチンｺアッターナ
f91547830de922a7ba4826955683f66c_600.jpg,ブリーフ＆タンクトップ   その誘惑のせいだよ
f91547830de922a7ba4826955683f66c_600.jpg,ガバ穴
f91547830de922a7ba4826955683f66c_600.jpg,そっくりさん横から登場
f91547830de922a7ba4826955683f66c_600.jpg,ドルチェ&ガッパーナというコンビ
f91547830de922a7ba4826955683f66c_600.jpg,営人
abba7dd071c75c7bbda38927dc54e403_600.jpg,カップルを発見すると爆発させる能力の持ち主
abba7dd071c75c7bbda38927dc54e403_600.jpg,ほーらタカシ、お前の大好きな戦隊ヒーローがやってき…
a6ff9b052769e131cb44d94bd69ef326_600.jpg,ハゲ向け乙女ゲーム
a6ff9b052769e131cb44d94bd69ef326_600.jpg,二次元化してもハゲはハゲ。
25b21f32fc62a36b3d71c1c72da37240_600.jpg,田所浩二さんからメッセージが届きました。
25b21f32fc62a36b3d71c1c72da37240_600.jpg,俺に星を寄付してくれ。
d9a138cdf51377ffcbbeec031860d732_600.jpg,コレが最新のゲーミングヘッドセットか
d9a138cdf51377ffcbbeec031860d732_600.jpg,すっかり白髪に
d9a138cdf51377ffcbbeec031860d732_600.jpg,その当時イメージされていたスマホ。
d9a138cdf51377ffcbbeec031860d732_600.jpg,かけたらKFCにかかります。
bc8aab2e51b98bcaa6c1ec703e0766e9_600.jpg,菅敗
bc8aab2e51b98bcaa6c1ec703e0766e9_600.jpg,最後の晩餐
bc8aab2e51b98bcaa6c1ec703e0766e9_600.jpg,その後完敗
bc8aab2e51b98bcaa6c1ec703e0766e9_600.jpg,完敗
61c5b73b7424e65d0447ffc9769b3130_600.jpg,ドラミちゃん
61c5b73b7424e65d0447ffc9769b3130_600.jpg,誰だお前？
61c5b73b7424e65d0447ffc9769b3130_600.jpg,出来過ぎ
61c5b73b7424e65d0447ffc9769b3130_600.jpg,シャイアン
61c5b73b7424e65d0447ffc9769b3130_600.jpg,小池さん
61c5b73b7424e65d0447ffc9769b3130_600.jpg,だきすぎくん
61c5b73b7424e65d0447ffc9769b3130_600.jpg,しずかちゃん
61c5b73b7424e65d0447ffc9769b3130_600.jpg,ネス
61c5b73b7424e65d0447ffc9769b3130_600.jpg,北村一輝
61c5b73b7424e65d0447ffc9769b3130_600.jpg,デ・C・スギ
81eb11feea685b05ea4154a40b89f1be_600.jpg,逃げちゃだめよ、逃げちゃだめよ、逃げちゃだめよ・・・！
81eb11feea685b05ea4154a40b89f1be_600.jpg,ボーちゃんもびっくりの鼻水
81eb11feea685b05ea4154a40b89f1be_600.jpg,その邪魔な皮をむいてあげますね…
81eb11feea685b05ea4154a40b89f1be_600.jpg,浮気がバレた
81eb11feea685b05ea4154a40b89f1be_600.jpg,えへへヘヘヘヘヘヘヘヘヘヘヘヘヘヘヘヘヘヘヘヘヘヘヘヘヘヘヘヘヘヘヘヘヘヘヘヘヘヘヘヘヘヘヘヘヘヘヘヘヘヘヘヘヘヘヘヘヘ
81eb11feea685b05ea4154a40b89f1be_600.jpg,その女、誰?
81eb11feea685b05ea4154a40b89f1be_600.jpg,捌かれるマグロ目線
b6b67ba80659d57a88990bc3c713e90a_600.jpg,うわ〜全部虫歯だ〜！
604e5ec0caef88041cc65ff289507246_600.jpg,この場合木と言うより起だな
b032ee55314aad91861a96647c4c1942_600.jpg,学徒出陣
b032ee55314aad91861a96647c4c1942_600.jpg,ショートヘアー+ちっぱいだよ♥️
76cc84d5f946c271ea20de124b90bdc9_600.jpg,塀の中で日々を
76cc84d5f946c271ea20de124b90bdc9_600.jpg,バーチャル彼女と
76cc84d5f946c271ea20de124b90bdc9_600.jpg,自分の右手に恋をして
76cc84d5f946c271ea20de124b90bdc9_600.jpg,彼女をよそ目に男とLINEして
76cc84d5f946c271ea20de124b90bdc9_600.jpg,現実逃避して
76cc84d5f946c271ea20de124b90bdc9_600.jpg,刑務所で
76cc84d5f946c271ea20de124b90bdc9_600.jpg,女装して
76cc84d5f946c271ea20de124b90bdc9_600.jpg,思い
76cc84d5f946c271ea20de124b90bdc9_600.jpg,ステイホームを
76cc84d5f946c271ea20de124b90bdc9_600.jpg,スマホを鏡にして
1a233d2978ba681a59ed469a40aacd35_600.jpg,そうよ、これが私のXperia。
1a233d2978ba681a59ed469a40aacd35_600.jpg,新しい暗殺教室の敵キャラ                    ヴルヴァリン
1a233d2978ba681a59ed469a40aacd35_600.jpg,南斗水鳥拳の使い手レイに切られた
1a233d2978ba681a59ed469a40aacd35_600.jpg,さすが南斗最後の将。水鳥拳奥義を左手だけで完コピ
1a233d2978ba681a59ed469a40aacd35_600.jpg,女王様の鞭が光速
1a233d2978ba681a59ed469a40aacd35_600.jpg,あなたが好...
1a233d2978ba681a59ed469a40aacd35_600.jpg,起きて戦え、戦え、戦えーーー！
1a233d2978ba681a59ed469a40aacd35_600.jpg,(くっ…！こいつの連打、速すぎる…！！)
1a233d2978ba681a59ed469a40aacd35_600.jpg,南斗水鳥拳
1a233d2978ba681a59ed469a40aacd35_600.jpg,人参切り続けて5年。さばき方が光並に速くなった。
0ba0e5e9e47b07357d8b9de300896dd2_600.jpg,確か、この後に『バターを使ってあれこれしている写真』が有ったと思うのですが、流石にそっちは止めたんですね！
0ba0e5e9e47b07357d8b9de300896dd2_600.jpg,ワンワンが２匹だからツーツーだね！
0ba0e5e9e47b07357d8b9de300896dd2_600.jpg,発情期やな
6852f37b06b75de7be7c955a22648b59_600.jpg,車内は6〜10分で空気の入れ替えを行っております
6852f37b06b75de7be7c955a22648b59_600.jpg,この店は3分50秒ほどですべての空気が入れ替わります
6852f37b06b75de7be7c955a22648b59_600.jpg,母が説教している時に母に電話がかかってきた
6852f37b06b75de7be7c955a22648b59_600.jpg,スタッフが上沼恵美子に呼び出された
6852f37b06b75de7be7c955a22648b59_600.jpg,コナンでもコンナンな事件
6852f37b06b75de7be7c955a22648b59_600.jpg,霧ヶ峰〜♪
6852f37b06b75de7be7c955a22648b59_600.jpg,今の時代は換気が大切
6852f37b06b75de7be7c955a22648b59_600.jpg,誰も居ないエレベーターでこいた
6852f37b06b75de7be7c955a22648b59_600.jpg,お笑い芸人のネタがスベった
6852f37b06b75de7be7c955a22648b59_600.jpg,俺が呼んだ死神が犯人役に取り憑いたか
2b90cc27f1ba1ae3173f9cc1c1cb51a3_600.jpg,みっつ数えるまでは記憶ある
2b90cc27f1ba1ae3173f9cc1c1cb51a3_600.jpg,水の妖精
2b90cc27f1ba1ae3173f9cc1c1cb51a3_600.jpg,水属性と思いきや、まさかの火属性
2b90cc27f1ba1ae3173f9cc1c1cb51a3_600.jpg,水が鼻から入ってあえなく撃沈
2b90cc27f1ba1ae3173f9cc1c1cb51a3_600.jpg,みのけのよだつ現象
2b90cc27f1ba1ae3173f9cc1c1cb51a3_600.jpg,水の呼吸が思ってたのと違う
2b90cc27f1ba1ae3173f9cc1c1cb51a3_600.jpg,見たところ害はなさそうだ
2b90cc27f1ba1ae3173f9cc1c1cb51a3_600.jpg,見られて興奮するタイプ
c445cc5ae77413f545e28f3acb766bd2_600.jpg,何故淡水魚
5be0406694dd02f2ed5cbe3ef840518b_600.jpg,もっとビンタされろ!
5be0406694dd02f2ed5cbe3ef840518b_600.jpg,チャンネル変えよっと
5be0406694dd02f2ed5cbe3ef840518b_600.jpg,やめへんで
b888b610d56c8c5fe8f64c21f70e0b92_600.jpg,3年B組金八先生です
b888b610d56c8c5fe8f64c21f70e0b92_600.jpg,歩子珍組亀_頭　日比野益男だ
b888b610d56c8c5fe8f64c21f70e0b92_600.jpg,テトリス組の一田だ
62f573e5ee694da0150afc4fcbf9db78_600.jpg,パーティーすます
62f573e5ee694da0150afc4fcbf9db78_600.jpg,どこ見てんのよ！
dbb2922ee8862d6c04283dbfe2d9f666_600.jpg,もう地面がベットベト
dbb2922ee8862d6c04283dbfe2d9f666_600.jpg,森のグリーンと混ざったらカオス
dbb2922ee8862d6c04283dbfe2d9f666_600.jpg,オレの心もブルー
dbb2922ee8862d6c04283dbfe2d9f666_600.jpg,からの～
dbb2922ee8862d6c04283dbfe2d9f666_600.jpg,青色申告になればいいのに
dbb2922ee8862d6c04283dbfe2d9f666_600.jpg,海洋汚染になり国は企業や自治体等と緊密に連携を取り、今回の事案の原因を早急に突き止め是正…
dbb2922ee8862d6c04283dbfe2d9f666_600.jpg,海のブルーが混ざったら、顔面蒼白です。
dbb2922ee8862d6c04283dbfe2d9f666_600.jpg,ブルーハワイが出来ました。
dbb2922ee8862d6c04283dbfe2d9f666_600.jpg,きたらもぉビックリ！
dbb2922ee8862d6c04283dbfe2d9f666_600.jpg,プールにタップリ入りました
bd7e4e5ccfa587b9c41b1908fba9ae83_600.jpg,亡き父の面影
bd7e4e5ccfa587b9c41b1908fba9ae83_600.jpg,風魔の刻印
bd7e4e5ccfa587b9c41b1908fba9ae83_600.jpg,あの時の子です
bd7e4e5ccfa587b9c41b1908fba9ae83_600.jpg,父の背中の面影
bd7e4e5ccfa587b9c41b1908fba9ae83_600.jpg,グルメスパイザー
bd7e4e5ccfa587b9c41b1908fba9ae83_600.jpg,希望
bd7e4e5ccfa587b9c41b1908fba9ae83_600.jpg,サロンパス
bd7e4e5ccfa587b9c41b1908fba9ae83_600.jpg,コスモ
bd7e4e5ccfa587b9c41b1908fba9ae83_600.jpg,神奈川県警という文字
bd7e4e5ccfa587b9c41b1908fba9ae83_600.jpg,ヘラクレスオオカブト
5bea06b685ebcc8234e7bc633d4999eb_600.jpg,次の天気予報の雨マークがこれ
2ef4d0ed81e586336878e0b1e4217209_600.jpg,誰も知らない夜明けが明けた時～♪
2ef4d0ed81e586336878e0b1e4217209_600.jpg,この公園またホームレスが増えてる
2ef4d0ed81e586336878e0b1e4217209_600.jpg,おわかりいただけただろうか？画面下に、まるで女性のエ口スに敬意を表するかのように、最敬礼する霊の影が写っている事に
2ef4d0ed81e586336878e0b1e4217209_600.jpg,宇宙人と交信中
2ef4d0ed81e586336878e0b1e4217209_600.jpg,寝ているのを忘れて、タンを吐いたら自分にかかった
2ef4d0ed81e586336878e0b1e4217209_600.jpg,誰も来ないんだ…
2ef4d0ed81e586336878e0b1e4217209_600.jpg,埋めてたはずの人が出てきた
24aa6f585a03bafc43fbaad3a2e14dd6_600.jpg,オー！ユーアースモウレスラー！
24aa6f585a03bafc43fbaad3a2e14dd6_600.jpg,MeToo
24aa6f585a03bafc43fbaad3a2e14dd6_600.jpg,あっ、日本語大丈夫です。
24aa6f585a03bafc43fbaad3a2e14dd6_600.jpg,ខ្ញុំជាជនជាតិជប៉ុន
24aa6f585a03bafc43fbaad3a2e14dd6_600.jpg,2文字消して嘘くさくしてください
24aa6f585a03bafc43fbaad3a2e14dd6_600.jpg,リアリー？
24aa6f585a03bafc43fbaad3a2e14dd6_600.jpg,ホントニー？
2d16865464d8fb5dd7f41ede149f1724_600.jpg,バタコほろ酔い中
2d16865464d8fb5dd7f41ede149f1724_600.jpg,昨日まではデコレーションケーキマンだった
2d16865464d8fb5dd7f41ede149f1724_600.jpg,このケーキに使ったバターはもしかして、、、
2d16865464d8fb5dd7f41ede149f1724_600.jpg,ロウソクの数1本多いわよ！？私今年は32歳！
2d16865464d8fb5dd7f41ede149f1724_600.jpg,顔がある
2d16865464d8fb5dd7f41ede149f1724_600.jpg,今度これ投げつけ顔にしてやろうと思ってるの！
2d16865464d8fb5dd7f41ede149f1724_600.jpg,あなた達は慣れると力が出なくなるけど、私は慣れるとやる気が出るのよ
2d16865464d8fb5dd7f41ede149f1724_600.jpg,しょくぱんまんがろうそくの火を消した
2d16865464d8fb5dd7f41ede149f1724_600.jpg,この生地は…？
2d16865464d8fb5dd7f41ede149f1724_600.jpg,ケーキの98%が安い食パンと言い出せない。
0b71b2f85558c27a112b1cbacf1e2de5_600.jpg,暫くお待ちください
0b71b2f85558c27a112b1cbacf1e2de5_600.jpg,ノート買うから詐欺
0b71b2f85558c27a112b1cbacf1e2de5_600.jpg,NHK？観てません！！
0b71b2f85558c27a112b1cbacf1e2de5_600.jpg,長時間にわたるメイク
0b71b2f85558c27a112b1cbacf1e2de5_600.jpg,元Googleです
0b71b2f85558c27a112b1cbacf1e2de5_600.jpg,友達に貸したマンガにポテチの破片がはさまっていた
0b71b2f85558c27a112b1cbacf1e2de5_600.jpg,日本一大きな砂丘は鳥取砂丘
0b71b2f85558c27a112b1cbacf1e2de5_600.jpg,オレ、オレ、この前助けてもらった亀だけど、
0b71b2f85558c27a112b1cbacf1e2de5_600.jpg,目元ギリギリまでマスク
0b71b2f85558c27a112b1cbacf1e2de5_600.jpg,実質0円
caeb40d0f6058471cc11c2f1eb1b611e_600.jpg,石井 隆一氏（無限）
caeb40d0f6058471cc11c2f1eb1b611e_600.jpg,次、VTECの音ね
caeb40d0f6058471cc11c2f1eb1b611e_600.jpg,ちゅぱ...ちゅぱ...んっ
caeb40d0f6058471cc11c2f1eb1b611e_600.jpg,すごい良いマニフェストなのにシェービングの音で何も聴こえない
caeb40d0f6058471cc11c2f1eb1b611e_600.jpg,こんなに食べれないよぉ
3689af18e998d68fe90bc66009b57b34_600.jpg,甘兎庵の新メニューがわけ分からない
3689af18e998d68fe90bc66009b57b34_600.jpg,クサイ飯に変えてください…
3689af18e998d68fe90bc66009b57b34_600.jpg,店長の気まぐれ皿だ。
3689af18e998d68fe90bc66009b57b34_600.jpg,お通し
3689af18e998d68fe90bc66009b57b34_600.jpg,これは野菜たっぷり、つまりサラダだからヘルシーだね
3689af18e998d68fe90bc66009b57b34_600.jpg,今年のボッチツリー
3689af18e998d68fe90bc66009b57b34_600.jpg,マシ・マシ・モリ・モリ みんな食べるよ ツル・ツル・テカ・テカ 明日も晴れるかな
3689af18e998d68fe90bc66009b57b34_600.jpg,豚の餌
3689af18e998d68fe90bc66009b57b34_600.jpg,これが身酒乱ガイドで三つ星のメニューか…
3689af18e998d68fe90bc66009b57b34_600.jpg,昨日助けて頂いた玉子もやし何か茶色いのです❤️
8f6816dea03858f9ebfc9c81ecdc207b_600.jpg,異世界転生、目を覚ました直後
8f6816dea03858f9ebfc9c81ecdc207b_600.jpg,こっち見んな
8f6816dea03858f9ebfc9c81ecdc207b_600.jpg,人工呼吸…初めてだったが上手く出来たようだな
8f6816dea03858f9ebfc9c81ecdc207b_600.jpg,乗ってた飛行機が墜落して、、、
8f6816dea03858f9ebfc9c81ecdc207b_600.jpg,おはよう、月曜日だぞ
8f6816dea03858f9ebfc9c81ecdc207b_600.jpg,もう目覚めたか、元気のいい若造だ
8f6816dea03858f9ebfc9c81ecdc207b_600.jpg,…ぃ……おい！しっかりしろ！！
8f6816dea03858f9ebfc9c81ecdc207b_600.jpg,ジョナサン「ディオ・ブランドーだね」
8f6816dea03858f9ebfc9c81ecdc207b_600.jpg,太陽 灯台 鳥の剥製「起きろふじつぼ！」
8f6816dea03858f9ebfc9c81ecdc207b_600.jpg,お前、見ない顔だな
3db00aec71cc48dcdbbee0eda98acbc7_600.jpg,あの女俺という旦那がいながら不倫しているとは
3db00aec71cc48dcdbbee0eda98acbc7_600.jpg,いつでもスマイルしようね！！
3db00aec71cc48dcdbbee0eda98acbc7_600.jpg,「や...焼きが足りぬ...フライパン返しだ！！」「ま...待て...あのぐらいの焼きがちょうどいいんじゃぁ〜！！！」
3db00aec71cc48dcdbbee0eda98acbc7_600.jpg,誰と待ち合わせなんだ!？
3db00aec71cc48dcdbbee0eda98acbc7_600.jpg,パイ返しはやめるんだ
3db00aec71cc48dcdbbee0eda98acbc7_600.jpg,「先に注文したの僕達なのに」
2f6b788618fc85ce364d477e73baeaef_600.jpg,ま…正男?!
2f6b788618fc85ce364d477e73baeaef_600.jpg,新人の女スナイパーが狙撃率低すぎてついに色仕掛けをし始めた
2f6b788618fc85ce364d477e73baeaef_600.jpg,▶▶
2f6b788618fc85ce364d477e73baeaef_600.jpg,お○ぱい行進曲に合わせて向かってくる
2f6b788618fc85ce364d477e73baeaef_600.jpg,ターミネーター
2f6b788618fc85ce364d477e73baeaef_600.jpg,３本目の腕を隠す奥ゆかしさ
2f6b788618fc85ce364d477e73baeaef_600.jpg,あー、スッキリした
2f6b788618fc85ce364d477e73baeaef_600.jpg,明らかに都会から来たギャルが田舎者を見下しながら歩いてました。
2f6b788618fc85ce364d477e73baeaef_600.jpg,歩きながらお○ぱい愛撫しなさい♥️
2f6b788618fc85ce364d477e73baeaef_600.jpg,野生のミニスカートが現れた！　▶話す／戦う／逃げる
6495a4c851d75df3d4b5719a13409ab9_600.jpg,後ろからカンチョーされた瞬間
6495a4c851d75df3d4b5719a13409ab9_600.jpg,新タイプのキングボンビー
6495a4c851d75df3d4b5719a13409ab9_600.jpg,スキル:千里眼発動
0cf5c1e00a124d506775c7e44b4d0eaa_600.jpg,ﾎﾞﾛﾝ　（∪）　ﾑｽｯ　　　　　　　　　　　弟よ！ちゃんと仕舞え(汗)
0cf5c1e00a124d506775c7e44b4d0eaa_600.jpg,牛乳を含んでデートに来た。
0cf5c1e00a124d506775c7e44b4d0eaa_600.jpg,「Hな事なんて出来ません！」と言いつつ、口ではHしたい事がバレバレ
4d2ce15e65919657f58b0a2bc4ea4228_600.jpg,ヘリだ！！ここでーす！！
4d2ce15e65919657f58b0a2bc4ea4228_600.jpg,何か起きたら骨になったけど…ま、いっかぁ〜！
4d2ce15e65919657f58b0a2bc4ea4228_600.jpg,アカン、また西川君が気絶してもうた
4d2ce15e65919657f58b0a2bc4ea4228_600.jpg,「ううん。今来たとこだよ～」
4d2ce15e65919657f58b0a2bc4ea4228_600.jpg,普通の人間に戻りたい人
4d2ce15e65919657f58b0a2bc4ea4228_600.jpg,乗りまーす
4d2ce15e65919657f58b0a2bc4ea4228_600.jpg,ブラジル人「待った？」
f14e8aea376686b823309aa657400236_600.jpg,日本の敵
f14e8aea376686b823309aa657400236_600.jpg,イケメン以外はしけい
5aad6d6394144e2dd58d4b73d5749dd3_600.jpg,ほな違うか〜〜
5aad6d6394144e2dd58d4b73d5749dd3_600.jpg,５０００兆円もらえるんですか？
5aad6d6394144e2dd58d4b73d5749dd3_600.jpg,朝ショック...
5aad6d6394144e2dd58d4b73d5749dd3_600.jpg,お゛♂
5aad6d6394144e2dd58d4b73d5749dd3_600.jpg,ZIP❤️
5aad6d6394144e2dd58d4b73d5749dd3_600.jpg,やっと釈放なんですね！
5aad6d6394144e2dd58d4b73d5749dd3_600.jpg,寝起きドッキリですね！
5aad6d6394144e2dd58d4b73d5749dd3_600.jpg,いっしょにいってください
5aad6d6394144e2dd58d4b73d5749dd3_600.jpg,ならしなきゃ♂
5aad6d6394144e2dd58d4b73d5749dd3_600.jpg,苦節40年、ついに無罪の証拠が見つかったんですね！
eb3d4d246746cf9dcff45158045afe84_600.jpg,酒飲んできちゃった❣️
eb3d4d246746cf9dcff45158045afe84_600.jpg,剥けた
eb3d4d246746cf9dcff45158045afe84_600.jpg,ディルド買って♥️
eb3d4d246746cf9dcff45158045afe84_600.jpg,お尻デビュー
eb3d4d246746cf9dcff45158045afe84_600.jpg,お○ぱいも大きくなるんだよね♥️
eb3d4d246746cf9dcff45158045afe84_600.jpg,あなたが僕を大人にしてくれたからですよ。
eb3d4d246746cf9dcff45158045afe84_600.jpg,ピーマン食べられるようになってました
eb3d4d246746cf9dcff45158045afe84_600.jpg,胸毛が生えてきた
eb3d4d246746cf9dcff45158045afe84_600.jpg,「ビルより高そうですね、むしろ巨人じゃないですか？」
eb3d4d246746cf9dcff45158045afe84_600.jpg,ようやくヴァージン卒業
8087f2baa07942c74fd7a5650fb93d83_600.jpg,HAND CLAPやったら体が軽くなり過ぎた
8087f2baa07942c74fd7a5650fb93d83_600.jpg,ツルッ、あっっ！、バッシャーン......パシャリ
8087f2baa07942c74fd7a5650fb93d83_600.jpg,ピンクおじ『あのハゲ具合、タイプだわっ。 』
8087f2baa07942c74fd7a5650fb93d83_600.jpg,お父さん私ここ!!
ec28f98ec45d607d5efc32f515a0744e_600.jpg,臨時信号予告標識だぞ、又尾前科運転士。
ec28f98ec45d607d5efc32f515a0744e_600.jpg,三菱に注意!
ec28f98ec45d607d5efc32f515a0744e_600.jpg,リコール注意
5fe14e545af85bbbbd325a77905819a6_600.jpg,連邦軍が来ないうちにわしのかじを取ってくれないかね？
5fe14e545af85bbbbd325a77905819a6_600.jpg,肩もみを頼んだが、そこは肩ではない。
5fe14e545af85bbbbd325a77905819a6_600.jpg,おじいさん、私達付き合っている事ハイジに内緒ね
5fe14e545af85bbbbd325a77905819a6_600.jpg,この間の玉出のタマネギ新鮮でしたわ　またお願いしますね...    フフッ、そうかハモンのカレーは絶品だからな！
5fe14e545af85bbbbd325a77905819a6_600.jpg,お客様、マスクをして頂けないなら当機から降りていただきます
5fe14e545af85bbbbd325a77905819a6_600.jpg,艦長、いくら泳げないからといって特大ビート板なんて背負わないで下さい。
5fe14e545af85bbbbd325a77905819a6_600.jpg,今晩どうかね？グフフフ
5fe14e545af85bbbbd325a77905819a6_600.jpg,別れましょう。　あの坊やと一緒になるわ。
5fe14e545af85bbbbd325a77905819a6_600.jpg,お客様、ニトリは本日閉店のお時間でございます。
